[{"Id":"﻿a60c5092-f11d-11eb-9a03-0242ac130003","Name":"James","Email":"jbutt@gmail.com","Phone":9999999999,"IsActive":true},{"Id":"a60c52ae-f11d-11eb-9a03-0242ac130003","Name":"Josephine","Email":"josephine_darakjy@darakjy.org","Phone":7645643217,"IsActive":true},{"Id":"a60c539e-f11d-11eb-9a03-0242ac130003","Name":"Art","Email":"art@venere.org","Phone":8887778886,"IsActive":false},{"Id":"a60c545c-f11d-11eb-9a03-0242ac130003","Name":"Lenna","Email":"lpaprocki@hotmail.com","Phone":8766789876,"IsActive":true},{"Id":"a60c574a-f11d-11eb-9a03-0242ac130003","Name":"Donette","Email":"donette.foller@cox.net","Phone":9877896786,"IsActive":false},{"Id":"a60c581c-f11d-11eb-9a03-0242ac130003","Name":"Simona","Email":"simona@morasca.com","Phone":9788796786,"IsActive":false},{"Id":"a60c58d0-f11d-11eb-9a03-0242ac130003","Name":"Mitsue","Email":"mitsue_tollner@yahoo.com","Phone":7898679876,"IsActive":true},{"Id":"a60c598e-f11d-11eb-9a03-0242ac130003","Name":"Leota","Email":"leota@hotmail.com","Phone":7654789323,"IsActive":true},{"Id":"a60c5a42-f11d-11eb-9a03-0242ac130003","Name":"Sage","Email":"sage_wieser@cox.net","Phone":8764536821,"IsActive":true},{"Id":"a60c5af6-f11d-11eb-9a03-0242ac130003","Name":"Kris","Email":"kris@gmail.com","Phone":7776665557,"IsActive":true},{"Id":"","Name":"","Email":"","Phone":0,"IsActive":false}]