﻿a60c5092-f11d-11eb-9a03-0242ac130003,James,jbutt@gmail.com,9999999999,1
a60c52ae-f11d-11eb-9a03-0242ac130003,Josephine,josephine_darakjy@darakjy.org,7645643217,1
a60c539e-f11d-11eb-9a03-0242ac130003,Art,art@venere.org,8887778886,0
a60c545c-f11d-11eb-9a03-0242ac130003,Lenna,lpaprocki@hotmail.com,8766789876,1
a60c574a-f11d-11eb-9a03-0242ac130003,Donette,donette.foller@cox.net,9877896786,0
a60c581c-f11d-11eb-9a03-0242ac130003,Simona,simona@morasca.com,9788796786,0
a60c58d0-f11d-11eb-9a03-0242ac130003,Mitsue,mitsue_tollner@yahoo.com,7898679876,1
a60c598e-f11d-11eb-9a03-0242ac130003,Leota,leota@hotmail.com,7654789323,1
a60c5a42-f11d-11eb-9a03-0242ac130003,Sage,sage_wieser@cox.net,8764536821,1
a60c5af6-f11d-11eb-9a03-0242ac130003,Kris,kris@gmail.com,7776665557,1
